ID_ANUNCIO,TP_ANUNCIO,FACE_SENTIDO,DIM_LARG_M,DIM_COMP_M,EMPRESA_ANUNCIANTE,EMPRESA_IMPLANTA,CADASTRO_DER,CADASTRO_DER_NRO,VALOR,OBS
010170000011,,0,,,,,,,,
010170000022,4,0,,,PIZZA HUT,J. SILVA PAINEIS,,,,
010170000033,4,1,,,COBRECOM,,,,,
010170000044,4,1,,,MAJIPACK,,,,,
010170000055,4,0,,,DI GASPI,,,,,
010170000066,4,1,,,VITGOLD,,,,,
010170000077,4,1,,,EQ MAX,,,,,
010170000088,4,1,,,GIULIANA FLORES,,,,,
010170000099,4,1,,,CASTOR,KARONY PAINEIS,,,,
010170000101,4,0,,,FAZENDA SERRA AZUL,KARONY PAINEIS,,,,
010170000112,4,0,,,CASA DO CONSTRUTOR,KARONY PAINEIS,,,,
010170000123,,0,,,,,,,,
010170000134,4,0,,,MITSUBISHI MOTORS,,,,,
010170000145,4,0,,,GRUPO BOM PASTOR,KARONY PAINEIS,,,,
010170000156,4,0,,,ANUNCIE AQUI,KARONY PAINEIS,,,,
010170000167,4,0,,,TIM,VEX,,,,
010170000178,4,1,,,SUPRISUL,VEX,,,,
010170000189,0,0,,,CAPITAL VILLE,,,,,
010170000191,4,1,,,EMBA LIXO,,,,,
010170000202,4,0,,,DETECT WATER,,,,,
010170000213,4,0,,,EXTRUSA PACK,,,,,
010170000224,4,1,,,HODDI OUTLET,,,,,
010170000235,4,1,,,PANOBIANCO ACADEMIA,,,,,
010170000246,4,1,,,MARLUVAS,KARONY PAINEIS,,,,
010170000257,4,0,,,LIGATEX,,,,,
010170000268,4,0,,,LIGATEX,,,,,
010170000279,4,0,,,RE/MAX,,,,,
010170000281,4,0,,,ETAPA,,,,,
010170000292,4,1,,,CARMEN STEFFENS,VEX,,,,
010170000303,4,0,,,JERONIMO BURGER,,,,,
010170000314,4,0,,,GOLD ACHOCOLATADO,,,,,
010170000325,4,1,,,CSHG LOGISTICA FII,,,,,
010170000336,4,0,,,HOME ANGELS,J. SILVA PAINEIS,,,,
010170000347,4,0,,,CABOMAQ FORESTIERI,,,,,
010170000358,4,0,,,ALUGUEL DE PAINEL,,,,,
010170000369,4,0,,,HOSTFIBER,,,,,
010170000371,4,0,,,HOSTFIBER,,,,,
010170000382,,0,,,,,,,,
010170000393,4,0,,,ALUGUEL DE PAINEL,,,,,
010170000404,4,0,,,LAGO AZUL,,,,,
010170000415,4,0,,,GRUPO MENEGOTTI,,,,,
010170000426,4,0,,,CLARA RESORTS,,,,,
010170000437,4,0,,,ALUGUEL DE PAINEL,KARONY PAINEIS,,,,
010170000448,4,0,,,STARBUCKS COFFEE,BAURU PAINEIS,,,,
010170000459,4,0,,,HARMONIA ASSET MANAGEMENT,,,,,
010170000461,4,1,,,FRANGO ASSADO,,,,,
010170000472,4,0,,,HIRAÇO,,,,,
010170000483,,0,,,ALUGUEL DE PAINEL,,,,,
010170000494,4,0,,,SOLIS SOLAR,,,,,
010170000505,,0,,,,,,,,
010170000516,,0,,,,,,,,
010170000527,4,1,,,FA OLIVA,,,,,
010170000538,4,1,,,LEITE JUSSARA,,,,,
010170000549,4,1,,,REGIONAL TELHAS,KARONY PAINEIS,,,,
010170000551,4,1,,,STARBUCKS COFFEE,,,,,
010170000562,4,0,,,SIDEWALK OUTLET PREMIUM,J. SILVA PAINEIS,,,,
010170000573,,0,,,,,,,,
010170000584,4,1,,,LAGO AZUL,,,,,
010170000595,4,0,,,ALUGUEL DE PAINEL,MAXI VISION,,,,
010170000606,4,1,,,DE MARCHI,,,,,
010170000617,4,1,,,DE MARCHI,,,,,
010170000628,,1,,,,,,,,
010170000639,,1,,,,,,,,
010170000641,4,1,,,PROTEPLUS,CHANGE PAINEIS,,,,
010170000652,4,0,,,ALUGUEL DE PAINEL,MN PAINEIS,,,,
010170000663,4,0,,,ALUGUEL DE PAINEL,MN PAINEIS,,,,
010170000674,4,0,,,MADERO SERRAZUL,,,,,
010170000685,4,0,,,PNEUS TECHNIC,,,,,
010170000696,4,1,,,PETRA TANQUE,J. SILVA PAINEIS,,,,
010170000707,4,0,,,ARCA RETENTORES,,,,,
010170000718,4,1,,,CASA BAUDUCCO,APOCALIPSE PAINEIS,,,,
010170000729,4,1,,,GRAATO SANDUICHES,BAURU PAINEIS,,,,
010170000731,4,1,,,VALENTINA CARAN IMOVEIS,,,,,
010170000742,4,1,,,CENTERVAL INDUSTRIAL LTDA,,,,,
010170000753,1,0,,,CENTRO DE DISTRIBUIÇAO MAGAZINELUIZA,,,,,
010170000764,1,0,,,CENTRO DE DISTRIBUIÇAO MAGAZINELUIZA,,,,,
010170000775,4,0,,,THERMAS PARK,,,,,
010170000786,4,0,,,THERMAS PARK,,,,,
010170000797,4,0,,,THERMAS PARK,,,,,
010170000808,4,1,,,OUTLET PREMIUM,,,,,
010170000819,4,1,,,STARBUCKS COFFEE,BAURU PAINEIS,,,,
010170000821,,0,,,,,,,,
010170000832,4,1,,,OUTLET PREMIUM,,,,,
010170000843,4,0,,,OPERATRIX,,,,,
010170000854,1,0,,,EMBRAMACO,,,,,
010170000865,4,0,,,RS TERCEIRIZAÇAO,,,,,
010170000876,4,0,,,O CEU É AZUL,,,,,
010170000887,4,0,,,FERCORR EMBALAGENS,,,,,
010170000898,4,1,,,KABUM,,,,,
010170000909,4,0,,,KABUM,,,,,
010170000911,4,1,,,KABUM,,,,,
010170000922,4,0,,,KABUM,,,,,
010170000933,4,1,,,LAGO AZUL,,,,,
010170000944,4,0,,,HEREFORDS CHURRASCARIA,BAURU PAINEIS,,,,
010170000955,4,0,,,TINTAS MEGA,BAURU PAINEIS,,,,
010170000966,,1,,,,,,,,
010170000977,4,1,,,UNIMED CAMPINAS,BAURU PAINEIS,,,,
010170000988,4,1,,,OUTLET PREMIUM,BAURU PAINEIS,,,,
010170000999,4,1,,,LEANDRINI BLINDAGENS,,,,,
010170001001,4,0,,,SHOW FAZENDINHA,BAURU PAINEIS,,,,
010170001012,4,1,,,STEFANINI LAND ROVER,,,,,
010170001023,4,0,,,MADERO SERRAZUL,,,,,
010170001034,4,1,,,GOLD,,,,,
010170001045,4,0,,,SAVEGNAGO,,,,,
010170001056,4,0,,,PROPRIEDADE PARTICULAR,,,,,
010170001067,4,1,,,SANASA CAMPINAS,,,,,
010170001078,4,0,,,SANASA CAMPINAS,,,,,
010170001089,4,1,,,HERCULES MOTORES,,,,,
010170001091,,0,,,,,,,,
010170001102,4,1,,,GUAÇU EMBALAGENS,,,,,
010170001113,4,0,,,WFA AÇOS,,,,,
010170001124,0,1,,,VENDA DE LOTEAMENTO,,,,,
010170001135,4,0,,,GARCIA TP,,,,,
010170001146,4,0,,,TOP TELHA METALICA,,,,,
010170001157,4,0,,,GRAAL,J. SILVA PAINEIS,,,,
010170001168,0,1,,,ÁREA A VENDA,,,,,
010170001179,,0,,,,,,,,
010170001181,4,1,,,LOGCP ALUGUEL DE GALPÕES,,,,,
010170001192,4,0,,,LOGCP ALUGUEL DE GALPÕES,,,,,
010170001203,4,0,,,CBRE TERRENOS,,,,,
010170001214,4,1,,,LOJA DO MECANICO,AMPLILUME,,,,
010170001225,4,0,,,AMPLILUME,AMPLILUME,,,,
010170001236,4,0,,,GRAAL,APOCALIPSE PAINEIS,,,,
010170001247,4,1,,,SHOW FAZENDINHA,BAURU PAINEIS,,,,
010170001258,4,0,,,SAVEGNAGO,,,,,
010170001269,4,1,,,GRILETTO,,,,,
010170001271,4,0,,,MEXT ZAZHY,,,,,
010170001282,4,1,,,GGD METALS,,,,,
010170001293,,0,,,,,,,,
010170001304,,1,,,,,,,,
010170001315,4,0,,,GRAAL,BAURU PAINEIS,,,,
010170001326,4,0,,,TENDA ATACADO,,,,,
010170001337,4,0,,,NUTRIEN,,,,,
010170001348,4,1,,,GRAAL,,,,,
010170001359,4,0,,,LIGATEX,,,,,
010170001361,4,1,,,NISSAN,MULTI MEIOS,,,,
010170001372,4,1,,,BRASIL CANADA BILINGUAL EDUCATION,,,,,
010170001383,4,1,,,WIZARD BY PEARSON,,,,,
010170001394,0,1,,,ECON,,,,,
010170001405,4,1,,,SOFT WORKS,J.SILVA PAINEIS,,,,
010170001416,4,1,,,LAGO AZUL,BAURU PAINEIS,,,,
010170001427,4,0,,,EMBRACON,,,,,
010170001438,4,1,,,KORETECH,,,,,
010170001449,4,0,,,COMERCIAL GERDAU,,,,,
010170001451,4,1,,,JUNDSONDAS,,,,,
010170001462,4,1,,,UNISA,,,,,
010170001473,4,1,,,JUSTIÇA ESPERANÇA,,,,,
010170001484,4,0,,,JUSTIÇA ESPERANÇA,,,,,
010170001495,4,0,,,HOME ANGELS,J.SILVA PAINEIS,,,,
010170001506,4,1,,,RS TERCEIRIZAÇÃO,,,,,
010170001517,4,1,,,GATTI VEICULOS,,,,,
010170001528,4,1,,,SOPEMA PRODUCTS,,,,,
010170001539,4,0,,,ONNO,,,,,
010170001541,4,1,,,PPA SEGURANÇA,,,,,
010170001552,4,0,,,RESOLV,VEX PAINEIS,,,,
010170001563,0,1,,,TERRAS DA ALVORADA,,,,,
010170001574,4,0,,,GAREN,MIDIA PAINEIS,,,,
010170001585,4,0,,,DEMOCRATA CALÇADOS,,,,,
010170001596,4,1,,,DOM BOSCO,,,,,
010170001607,4,1,,,FRANGO ASSADO,,,,,
010170001618,4,1,,,MANIA DE CHURRASCO,BAURU PAINEIS,,,,
010170001629,,0,,,,,,,,
010170001631,0,1,,,TAMBORE JUNDIAI,,,,,
010170001642,4,1,,,MAHLE,,,,,
010170001653,0,1,,,SANTA ANGELA CONSTRUTORA,,,,,
010170001664,0,0,,,IBI ARAM,,,,,
010170001675,4,0,,,LAGO AZUL,,,,,
010170001686,4,0,,,TS SHARA,,,,,
010170001697,0,1,,,CAPITAL VILLE,,,,,
010170001708,4,1,,,EQ MAX,,,,,
010170001719,4,0,,,JEMP,VEX PAINEIS,,,,
010170001721,,0,,,,,,,,
010170001732,,1,,,,,,,,
010170001743,4,1,,,MM ZEREP,,,,,
010170001754,4,0,,,CONDUSCABOS,,,,,
010170001765,4,1,,,FRANGO ASSADO,,,,,
010170001776,4,0,,,AÇUCAR CARAVELAS,J.SILVA PAINEIS,,,,
010170001787,4,1,,,JERONIMO BURGER,,,,,
010170001798,4,0,,,DI GASPI,,,,,
010170001809,4,1,,,OUTTV,,,,,
010170001811,4,1,,,STARBUCKS COFFEE,,,,,
010170001822,4,0,,,JUNDSONDAS,BAURU PAINEIS,,,,
010170001833,4,1,,,JATINOX,,,,,
010170001844,4,1,,,LAGO AZUL,BAURU PAINEIS,,,,
010170001855,4,0,,,OAKBERRY AÇAI BOWLS,VEX PAINEIS,,,,
010170001866,1,0,,,AREA DE DESCANSO DOS CAMINHONEIROS,,,,,
010170001877,,1,,,,,,,,
010170001888,4,1,,,GRAAL,,,,,
010170001899,0,0,,,TERRAS DA ALVORADA,,,,,
010170001901,4,1,,,OUTLET PREMIUM,,,,,
010170001912,4,0,,,RITEC,,,,,
010170001923,4,1,,,LUARI,CHANGE PAINEIS,,,,
010170001934,4,1,,,KFC,BAURU PAINEIS,,,,
010170001945,4,1,,,GRAAL,,,,,
010170001956,4,1,,,GR BANK,,,,,
010170001967,4,0,,,FRANGO ASSADO,J.SILVA PAINEIS,,,,
010170001978,4,1,,,OUTLET PREMIUM,,,,,
010170001989,4,0,,,ANUNCIO DE ALUGUEL DE PAINEL,,,,,
010170001991,4,1,,,CENTERVAL,LUMIX,,,,
010170002002,4,0,,,AMATOOLS,BAURU PAINEIS,,,,
010170002013,0,1,,,ENTREVALES CABREUVA,,,,,
010170002024,4,1,,,M5 ALUGUEL DE GALPÃO,,,,,
010170002035,4,0,,,MEGA TINTAS,BAURU PAINEIS,,,,
010170002046,4,0,,,GR BANK,,,,,
010170002057,1,1,,,NOSSO LAR CONSTRUTORA,,,,,
010170002068,4,1,,,CENTERVAL,CHANGE PAINEIS,,,,
010170002079,4,1,,,MEGA TINTAS,BAURU PAINEIS,,,,
010170002081,4,1,,,EMBRACON,,,,,
010170002092,4,0,,,BRASILUX TINTAS,AMPLILUME PAINEIS,,,,
010170002103,4,1,,,FRANGO ASSADO,AMPLILUME PAINEIS,,,,
010170002114,0,0,,,TERRAS DA ALVORADA,AMPLILUME PAINEIS,,,,
010170002125,4,1,,,LOJA DO MECANICO,AMPLILUME PAINEIS,,,,
010170002136,4,0,,,RS TERCEIRIZAÇÃO,AMPLILUME PAINEIS,,,,
010170002147,4,1,,,OUTLET PREMIUM,,,,,
010170002158,1,0,,,CYAN RESORT,,,,,
010170002169,1,1,,,CYAN RESORT,,,,,
010170002171,1,0,,,PREFEITURA DE ITUPEVA,,,,,
010170002182,4,1,,,OUTLET PREMIUM,,,,,
010170002193,4,0,,,COBRECOM,FAMA PAINEIS,,,,
010170002204,4,1,,,GRAAL,,,,,
010170002215,4,0,,,HGLG ITUPEVA,,,,,
010170002226,4,1,,,AMORTECEDOR COFAP,,,,,
010170002237,4,0,,,GRAAL,,,,,
010170002248,4,1,,,GRAAL,,,,,
010170002259,4,1,,,FRANGO ASSADO,VEX PAINEIS,,,,
010170002261,4,0,,,FERRO E AÇO,VEX PAINEIS,,,,
010170002272,4,1,,,SEM PARAR ,VEX PAINEIS,,,,
010170002283,4,0,,,BAP ENERGY,J.SILVA PAINEIS,,,,
010170002294,4,1,,,JERONIMO BURGER,,,,,
010170002305,4,1,,,ANUNCIO DE ALUGUEL DE PAINEL,J.SILVA PAINEIS,,,,
010170002316,,1,,,,,,,,
010170002327,4,1,,,WEIKU,,,,,
010170002338,4,0,,,WEIKU,,,,,
010170002349,4,1,,,OUTLET PREMIUM,BAURU PAINEIS,,,,
010170002351,4,1,,,SIDEWALK,,,,,
010170002362,4,0,,,CONDUSCABOS,VEX PAINEIS,,,,
010170002373,4,1,,,HOSTFIBER,,,,,
010170002384,4,0,,,MM ZEREP,,,,,
010170002395,,1,,,,,,,,
010170002406,4,1,,,DIVIMAX VIDROS,,,,,
010170002417,4,0,,,MM ZEREP,,,,,
010170002428,4,0,,,AEROPORTO BANDEIRAPARK,,,,,
010170002439,,1,,,,,,,,
010170002441,1,0,,,GRUPO PETROPOLIS,,,,,
010170002452,1,1,,,GRUPO PETROPOLIS,,,,,
010170002463,4,0,,,CARMEN STEFFENS,VEX PAINEIS,,,,
010170002474,,1,,,,,,,,
010170002485,,0,,,,,,,,
010170002496,4,1,,,LEITE JUSSARA,VEX PAINEIS,,,,
010170002507,4,0,,,SAMBE SAMBA,,,,,
010170002518,4,0,,,FREECO,,,,,
010170002529,4,1,,,IMPACT MIDIA BRASIL,,,,,
010170002531,1,1,,,LOGBRAS,,,,,
010170002542,4,1,,,AMPLILUME,AMPLILUME PAINEIS,,,,
010170002553,,1,,,,,,,,
010170002564,4,1,,,NEGOCIOS IMOVEIS,,,,,
010170002575,4,0,,,NEGOCIOS IMOVEIS,,,,,
010170002586,4,1,,,HOSTFIBER,VEX PAINEIS,,,,
010170002597,4,0,,,HOSTFIBER,VEX PAINEIS,,,,
010170002608,4,1,,,GRAAL,J.SILVA PAINEIS,,,,
010170002619,4,0,,,SODIE SALGADOS,VEX PAINEIS,,,,
010170002621,4,0,,,PALMEIRAS BARREIRO,,,,,
010170002632,1,1,,,GRAAL,J.SILVA PAINEIS,,,,
010170002643,,1,,,,,,,,
010170002654,4,1,,,LEVITY,J.SILVA PAINEIS,,,,
010170002665,4,0,,,GRAAL,J.SILVA PAINEIS,,,,
010170002676,4,1,,,SAVEGNAGO,DESTAQUE OUTDOOR,,,,
010170002687,3,0,,,EZTEC, ,,,,
010170002698,1,1,,,CEMITÉRIO PARQUE JARAGUA, ,,,,
010170002709,3,1,,,3TEL, ,,,,
010170002711,0,1,,,ETOILE, ,,,,
010170002722,1,1,,,RIBEIRO CARAM, ,,,,
010170002733,4,1,,,GRUPO REAL, ,,,,
010170002744,0,0,,,GLP, ,,,,
010170002755,3,0,,,SOLIS SOLAR, ,,,,
010170002766,0,1,,,, ,,,,
010170002777,1,0,,,FRANGO ASSADO, ,,,,
010170002788,0,0,,,,ZOCRAM,,,,
010170002799,1,1,,,BR PROPERTIES, ,,,,
010170002801,0,1,,,, ,,,,
010170002812,1,1,,,EQAMAX, ,,,,
010170002823,1,0,,,EQAMAX, ,,,,
010170002834,3,1,,,CENTERVILLE EMPRESARIAL,KARONY,,,,
010170002845,3,0,,,SEPAC, ,,,,
010170002856,0,0,,,JUSTIÇA ESPERANÇA, ,,,,
010170002867,0,0,,,JUSTIÇA ESPERANÇA, ,,,,
010170002878,0,0,,,, ,,,,
010170002889,4,0,,,TAMBORÉ JUNDIAÍ, ,,,,
010170002891,0,0,,,MIDIA PAINEIS,MIDIA PAINÉIS,,,,
010170002902,4,0,,,TERRAS DA ALVORADA,,,,,
010170002913,0,0,,,MULTI MEIOS,MULTI MEIOS,,,,
010170002924,1,0,,,BBP CONDOMINIOS LOGISTICOS, ,,,,
010170002935,1,0,,,BBP CONDOMINIOS LOGISTICOS, ,,,,
010170002946,3,0,,,JUNDSONDAS, ,,,,
010170002957,3,0,,,RAMARIM, ,,,,
010170002968,3,1,,,COLINAS DA COLONIA, ,,,,
010170002979,4,1,,,MAC LUCER EMPREENDIMENTOS, ,,,,
010170002981,4,0,,,MULTI MODA CENTER, ,,,,
010170002992,0,0,,,, ,,,,
010170003003,0,0,,,, ,,,,
010170003014,1,0,,,CELITE, ,,,,
010170003025,4,0,,,DELPHOS, ,,,,
010170003036,4,0,,,MARCELO CAMPOS, ,,,,
010170003047,0,0,,,, ,,,,
010170003058,4,1,,,SA METAL CENTER, ,,,,
010170003069,4,1,,,RAM, ,,,,
010170003071,0,0,,,, ,,,,
010170003082,4,0,,,FORT ATACADISTA, ,,,,
010170003093,4,0,,,VEDUTA ESMERALDA, ,,,,
010170003104,4,0,,,COMPLEXO DO AÇO, ,,,,
010170003115,4,0,,,FORT ATACADISTA, ,,,,
010170003126,2,0,,,POSTO CARREFOUR, ,,,,
010170003137,4,0,,,GRAAL 67, ,,,,
010170003148,4,0,,,BOUTIQUE DE IMÓVEIS,CHANGE PAINEIS,,,,
010170003159,1,1,,,COMERCIAL GERDAU, ,,,,
010170003161,1,1,,,COMERCIAL GERDAU, ,,,,
010170003172,4,0,,,BRAS E 25 DE MARÇO, ,,,,
010170003183,0,0,,,, ,,,,
010170003194,4,0,,,CHROMA VEICULOS, ,,,,
010170003205,4,1,,,MELINDA, ,,,,
010170003216,3,1,,,DELICIA , ,,,,
010170003227,4,0,,,MELINDA, ,,,,
010170003238,4,1,,,DELICIA , ,,,,
010170003249,4,0,,,MODAL RB, ,,,,
010170003251,4,1,,,EUROCENTRE IDIOMAS, ,,,,
010170003262,4,0,,,CENTERVAL INDUSTRIAL, ,,,,
010170003273,0,1,,,ESTACIONAMENTO ALEMÃO, ,,,,
010170003284,0,1,,,ESTACIONAMENTO ALEMÃO, ,,,,
010170003295,0,1,,,MULTI MEIOS,MULTI MEIOS,,,,
010170003306,0,1,,,MULTI MEIOS,MULTI MEIOS,,,,
010170003317,4,1,,,CSHG LOGISTICA FLS, ,,,,
010170003328,4,0,,,REIMAX,MIDIA PAINÉIS,,,,
010170003339,4,1,,,RETHA, ,,,,
010170003341,1,0,,,HOSTFIBER, ,,,,
010170003352,1,1,,,HOSTFIBER, ,,,,
010170003363,3,0,,,BERNA, ,,,,
010170003374,3,0,,,FRANGO ASSADO, ,,,,
010170003385,3,1,,,LAGO AZUL, ,,,,
010170003396,4,1,,,RESIDENCIAL ARBORETUM, ,,,,
010170003407,0,1,,,FULWOOD, ,,,,
010170003418,0,1,,,FULWOOD, ,,,,
010170003429,1,1,,,RESTAURANTE MACARRONADA, ,,,,
010170003431,4,1,,,RESTAURANTE MACARRONADA, ,,,,
010170003442,3,1,,,LAGO AZUL, ,,,,
010170003453,4,0,,,UNIMED CAMPINAS, ,,,,
010170003464,4,0,,,G20 IMÓVEIS, ,,,,
010170003475,4,0,,,TENDA ATACADO,REAL PAINEIS,,,,
010170003486,4,0,,,MULTI MODAL CAMPINAS, ,,,,
010170003497,4,1,,,MULTI MODAL CAMPINAS, ,,,,
010170003508,1,1,,,AGROSALLES, ,,,,
010170003519,3,0,,,LAGO AZUL, ,,,,
010170003521,4,0,,,NOVILLE, ,,,,
010170003532,0,1,,,, ,,,,
010170003543,0,1,,,, ,,,,
010170003554,4,0,,,BRISAS BELLA CIATTA, ,,,,
010170003565,4,1,,,IMPACTO PRAGAS, ,,,,
010170003576,3,1,,,O MATUTO, ,,,,
010170003587,3,1,,,O MATUTO, ,,,,
010170003598,0,0,,,, ,,,,
010170003609,3,0,,,SHOW FAZENDINHA, ,,,,
010170003611,0,0,,,, ,,,,
010170003622,3,0,,,FARMA SILVA, ,,,,
010170003633,3,0,,,EMBREAGEM, ,,,,
010170003644,3,0,,,EMBREAGEM, ,,,,
010170003655,4,0,,,HODDI OUTLET, ,,,,
010170003666,0,0,,,, ,,,,
010170003677,4,0,,,SHOPPING DA UTILIDADE, ,,,,
010170003688,3,0,,,UNIMED CAMPINAS, ,,,,
010170003699,3,0,,,A QUINTA DO MARQUES, ,,,,
010170003701,4,0,,,ACESSORIOS 3 VIAS, ,,,,
010170003712,1,1,,,ACESSORIOS 3 VIAS, ,,,,
010170003723,1,0,,,A QUINTA DO MARQUES, ,,,,
010170003734,1,0,,,A QUINTA DO MARQUES, ,,,,
010170003745,4,1,,,CAMPMALHAS, ,,,,
010170003756,4,1,,,SCANI BENZ, ,,,,
010170003767,0,0,,,, ,,,,
010170003778,3,0,,,HERZOG, ,,,,
010170003789,1,0,,,TECHNO PARK, ,,,,
010170003791,0,1,,,, ,,,,
010170003802,0,1,,,, ,,,,
010170003813,1,1,,,TECHNO PARK, ,,,,
010170003824,1,1,,,TECHNO PARK, ,,,,
010170003835,1,1,,,GRUPO ESTRUTURAL, ,,,,
010170003846,1,1,,,GRUPO ESTRUTURAL, ,,,,
010170003857,4,1,,,BUSINESS PARK, ,,,,
010170003868,4,1,,,BUSINESS PARK, ,,,,
010170003879,1,1,,,ZF, ,,,,
010170003881,1,1,,,ZF, ,,,,
010170003892,1,0,,,CARDANS, ,,,,
010170003903,1,0,,,CARDANS, ,,,,
010170003914,0,0,,,, ,,,,
010170003925,0,0,,,, ,,,,
010170003936,3,0,,,DEQUERO FRUTAS, ,,,,
010170003947,3,0,,,DEQUERO FRUTAS, ,,,,
010170003958,3,0,,,POSTO SUCÃO, ,,,,
010170003969,0,0,,,, ,,,,
010170003971,0,0,,,, ,,,,
010170003982,3,0,,,AVM IMÓVEIS, ,,,,
010170003993,1,1,,,ABL, ,,,,
010170004004,1,1,,,ANDRITZ, ,,,,
010170004015,1,1,,,ANDRITZ, ,,,,
010170004026,1,1,,,BUCKMAN, ,,,,
010170004037,1,1,,,BUCKMAN, ,,,,
010170004048,4,1,,,EMBARC, ,,,,
010170004059,4,1,,,EMBARC, ,,,,
010170004061,1,1,,,IVECO MERCALF, ,,,,
010170004072,1,1,,,IVECO MERCALF, ,,,,
010170004083,0,1,,,, ,,,,
010170004094,1,0,,,AVIÕES TRANSPORTES, ,,,,
010170004105,1,0,,,AVIÕES TRANSPORTES, ,,,,
010170004116,0,0,,,, ,,,,
010170004127,0,0,,,, ,,,,
010170004138,3,0,,,GRAAL BARREIRENSE, ,,,,
010170004149,0,0,,,, ,,,,
010170004151,1,0,,,TRUCK CENTER, ,,,,
010170004162,1,0,,,TRUCK CENTER, ,,,,
010170004173,1,0,,,POSTO SUCÃO, ,,,,
010170004184,1,0,,,POSTO SUCÃO, ,,,,
010170004195,4,0,,,SCOTH BRITH, ,,,,
010170004206,4,0,,,SCOTH BRITH, ,,,,
010170004217,1,1,,,3M, ,,,,
010170004228,1,1,,,3M, ,,,,
010170004239,3,1,,,BRASILUX,CHANGE PAINEIS,,,,
010170004241,0,1,,,CHANGE PAINEIS,CHANGE PAINEIS,,,,
010170004252,3,1,,,IRMÃOS CAMINHÕES, ,,,,
010170004263,3,1,,,IRMÃOS CAMINHÕES, ,,,,
010170004274,4,1,,,ESCAD, ,,,,
010170004285,4,1,,,ESCAD, ,,,,
010170004296,0,1,,,, ,,,,
010170004307,3,1,,,RAL PRINT, ,,,,
010170004318,0,1,,,, ,,,,
010170004329,0,1,,,, ,,,,
010170004331,3,1,,,ZOCRAM, ,,,,
010170004342,3,1,,,LINO TECNO CLEAM, ,,,,
010170004353,3,0,,,JV, ,,,,
010170004364,4,0,,,ARMAC,VEX,,,,
010170004375,4,0,,,ZECRON, ,,,,
010170004386,4,0,,,ORIMAD, ,,,,
010170004397,1,0,,,ZAVEGNAGO, ,,,,
010170004408,3,0,,,CASA DOS FILTROS DE BARRO, ,,,,
010170004419,0,0,,,, ,,,,
010170004421,0,1,,,, ,,,,
010170004432,1,1,,,GOOD BOM, ,,,,
010170004443,1,0,,,GOOD BOM, ,,,,
010170004454,3,1,,,AVM IMÓVEIS, ,,,,
010170004465,3,1,,,, ,,,,
010170004476,3,1,,,TRANSJORDANO, ,,,,
010170004487,3,1,,,TRANSJORDANO, ,,,,
010170004498,1,1,,,RANDOM, ,,,,
010170004509,1,1,,,RANDOM, ,,,,
010170004511,3,1,,,JULIO CASAS IMOVEIS, ,,,,
010170004522,0,0,,,JULIO CASAS IMOVEIS, ,,,,
010170004533,3,1,,,PLENA MOVEIS , ,,,,
010170004544,3,0,,,GRAAL CASTELO, ,,,,
010170004555,3,0,,,ELDORADO IMÓVEIS, ,,,,
010170004566,4,0,,,TENDA ATACADO, ,,,,
010170004577,0,0,,,, ,,,,
010170004588,0,0,,,, ,,,,
010170004599,0,0,,,, ,,,,
010170004601,0,0,,,, ,,,,
010170004612,2,0,,,POSTO CHEROKE, ,,,,
010170004623,2,0,,,POSTO CHEROKE, ,,,,
010170004634,0,0,,,, ,,,,
010170004645,0,1,,,, ,,,,
010170004656,1,1,,,APALOOSA CHURRASCARIA, ,,,,
010170004667,1,1,,,APALOOSA CHURRASCARIA, ,,,,
010170004678,4,0,,,MARAVILHAS DO LAR,J SILVA PAINEIS,,,,
010170004689,0,1,,,SHOPPING DA UTILIDADE, ,,,,
010170004691,4,1,,,SHOPPING DA UTILIDADE, ,,,,
010170004702,0,1,,,, ,,,,
010170004713,4,1,,,SHOPPING DA UTILIDADE, ,,,,
010170004724,0,1,,,, ,,,,
010170004735,4,1,,,SHOPPING DA UTILIDADE, ,,,,
010170004746,0,1,,,, ,,,,
010170004757,1,1,,,TAMBORÉ AMERICANA, ,,,,
010170004768,1,1,,,TAMBORÉ AMERICANA, ,,,,
010170004779,0,1,,,, ,,,,
010170004781,4,0,,,ELDORADO IMÓVEIS, ,,,,
010170004792,3,0,,,BARRA DO CISNE, ,,,,
010170004803,0,0,,,, ,,,,
010170004814,4,0,,,QUINTA DOS ROMEIROS, ,,,,
010170004825,3,0,,,VERMEI MATERIAL DE CONSTRUÇÃO, ,,,,
010170004836,3,0,,,VERMEI MATERIAL DE CONSTRUÇÃO, ,,,,
010170004847,3,1,,,QUINTA DOS ROMEIROS, ,,,,
010170004858,4,1,,,QUINTA DOS ROMEIROS, ,,,,
010170004869,3,1,,,PAICOS ROUPAS FINAS, ,,,,
010170004871,1,0,,,PPW, ,,,,
010170004882,1,1,,,PPW, ,,,,
010170004893,0,1,,,, ,,,,
010170004904,4,0,,,AVM IMÓVEIS, ,,,,
010170004915,4,1,,,AVM IMÓVEIS, ,,,,
010170004926,1,0,,,MADERO, ,,,,
010170004937,3,0,,,MARGUTTI CARROCERIAS, ,,,,
010170004948,4,0,,,MARGUTTI CARROCERIAS, ,,,,
010170004959,1,0,,,CIAA, ,,,,
010170004961,1,0,,,CIAA, ,,,,
010170004972,1,1,,,GYNTUBOS, ,,,,
010170004983,1,1,,,GYNTUBOS, ,,,,
010170004994,3,1,,,MULTINACIONAL QUIMICA, ,,,,
010170005005,3,1,,,MULTINACIONAL QUIMICA, ,,,,
010170005016,4,1,,,SÃO VICENTE,IDEAL PAINEIS,,,,
010170005027,3,0,,,LINHARES, ,,,,
010170005038,2,1,,,POSTO BR, ,,,,
010170005049,2,0,,,POSTO BR, ,,,,
010170005051,3,1,,,DRILL CENTER, ,,,,
010170005062,3,1,,,GRAAL CASTELO, ,,,,
010170005073,3,0,,,AVM IMÓVEIS, ,,,,
010170005084,3,0,,,SAVEGNAGO, ,,,,
010170005095,0,0,,,, ,,,,
010170005106,3,1,,,RANCHO MINEIRO, ,,,,
010170005117,3,0,,,RANCHO MINEIRO, ,,,,
010170005128,1,0,,,RANCHO MINEIRO, ,,,,
010170005139,1,1,,,RANCHO MINEIRO, ,,,,
010170005141,3,0,,,HERGOZ, ,,,,
010170005152,3,1,,,HERGOZ, ,,,,
010170005163,1,0,,,POTY GUARANA, ,,,,
010170005174,1,1,,,POTY GUARANA, ,,,,
010170005185,0,0,,,, ,,,,
010170005196,3,0,,,JANGADA, ,,,,
010170005207,3,0,,,ORIGINAL CARRETAS, ,,,,
010170005218,3,0,,,AVM IMÓVEIS, ,,,,
010170005229,4,0,,,GAZIN SEMI JOIAS,APOCALIPSE PAINEIS,,,,
010170005231,3,0,,,MASTRA EQUIPAMENTOS, ,,,,
010170005242,0,1,,,LIMEIRA INDUSTRIAL PARK, ,,,,
010170005253,0,1,,,, ,,,,
010170005264,0,0,,,DVR EMPREENDIMENTOS, ,,,,
010170005275,3,0,,,MARAVILHAS DO LAR,J SILVA PAINEIS,,,,
010170005286,1,1,,,CITROSUCO,PAINEW,,,,
010170005297,1,1,,,CITROSUCO,PAINEW,,,,
010170005308,2,1,,,GRAAL CASTELO, ,,,,
010170005319,1,0,,,MOTEL DESLIZE, ,,,,
010170005321,1,1,,,MOTEL DESLIZE, ,,,,
010170005332,3,1,,,SHOPPING DOS PISOS, ,,,,
010170005343,3,1,,,LIGATEX ARGAMASSAS, ,,,,
010170005354,0,1,,,, ,,,,
010170005365,3,1,,,GRAAL TURMALINA,J SILVA PAINEIS,,,,
010170005376,3,0,,,NIGRO ALIMENTAÇÃO,BAURU PAINEIS,,,,
010170005387,3,1,,,GRAAL TURMALINA,J SILVA PAINEIS,,,,
010170005398,3,0,,,MC DONALDS, ,,,,
010170005409,3,0,,,GRAAL BARREIRENSE, ,,,,
010170005411,3,0,,,GRAAL BARREIRENSE, ,,,,
010170005422,0,0,,,, ,,,,
010170005433,0,0,,,, ,,,,
010170005444,3,0,,,RESTAURANTE PALADAR, ,,,,
010170005455,4,0,,,BOCÃO SHOPPING,,,,,
010170005466,4,0,,,NESCAFÉ ,J SILVA PAINEIS,,,,
010170005477,0,1,,,SANCA GALPÕES, ,,,,
010170005488,0,1,,,-, ,,,,
010170005499,1,0,,,JEQUITI, ,,,,
010170005501,1,0,,,JEQUITI, ,,,,
010170005512,1,0,,,SBT, ,,,,
010170005523,1,0,,,SBT, ,,,,
010170005534,3,0,,,POSTO PETROBRAS,M/EXT PAINEIS,,,,
010170005545,4,1,,,GOLD, ,,,,
010170005556,3,0,,,DETECT WATER, ,,,,
010170005567,0,1,,,-, ,,,,
010170005578,0,1,,,-, ,,,,
010170005589,3,1,,,ZW MOTORS, ,,,,
010170005591,3,1,,,SHOPPING ANHANGUERA, ,,,,
010170005602,4,1,,,GATTI VEICULOS, ,,,,
010170005613,3,1,,,ZEZINHO AUTOMOVEIS, ,,,,
010170005624,0,0,,,CBRE, ,,,,
010170005635,0,0,,, , ,,,,
010170005646,3,1,,,MATEC, ,,,,
010170005657,1,0,,,PROLOGIS GALPÕES LOGISTICOS, ,,,,
010170005668,1,0,,,PROLOGIS GALPÕES LOGISTICOS, ,,,,
010170005679,2,1,,,POSTO SHELL, ,,,,
010170005681,3,1,,,CAPITAL VILLE, ,,,,
010170005692,3,0,,,CAPITAL VILLE, ,,,,
010170005703,0,0,,,CBRE, ,,,,
010170005714,0,0,,,AMPLILUME,AMPLILUME PAINEIS,,,,
010170005725,3,1,,,RS SERVIÇOS,AMPLILUME PAINEIS,,,,
010170005736,3,1,,,RS SERVIÇOS,AMPLILUME PAINEIS,,,,
010170005747,0,0,,,AMPLILUME,AMPLILUME PAINEIS,,,,
010170005758,3,0,,,WCA BRASIL,AMPLILUME PAINEIS,,,,
010170005769,0,0,,,SAVOY, ,,,,
010170005771,3,1,,,FRANGO ASSADO,AMPLILUME PAINEIS,,,,
010170005782,0,0,,,AMPLILUME,AMPLILUME PAINEIS,,,,
010170005793,4,1,,,DKT FAST, ,,,,
010170005804,0,0,,,-, ,,,,
010170005815,0,0,,,M/EXT PAINEIS,M/EXT PAINEIS,,,,
010170005826,1,1,,,CORREIAS MERCURIO, ,,,,
010170005837,1,1,,,CORREIAS MERCURIO, ,,,,
010170005848,4,1,,,AURUM JUNDIAI,JUNDIAI OUTDOOR,,,,
010170005859,4,1,,,WIZARD,JUNDIAI OUTDOOR,,,,
010170005861,4,1,,,PORTAL DOS LAGOS,JUNDIAI OUTDOOR,,,,
010170005872,4,1,,,PROGRAMA NASCENTES JUNDIAI, ,,,,
010170005883,4,1,,,COCO BAMBU JUNDIAI, ,,,,
010170005894,3,1,,,ODEON RESIDENCIAL, ,,,,
010170005905,3,1,,,KRIOS CONSTRUÇÕES, ,,,,
010170005916,4,1,,,GIARDINO RESIDENCIAL, ,,,,
010170005927,4,1,,,ODEON RESIDENCIAL, ,,,,
010170005938,4,1,,,FINAMAX DIGITAL,PAINEIS SP,,,,
010170005949,0,0,,,-, ,,,,
010170005951,1,0,,,LUCHINI, ,,,,
010170005962,0,0,,,-, ,,,,
010170005973,0,0,,,-, ,,,,
010170005984,3,1,,,JUMP BARBECUE, ,,,,
010170005995,1,1,,,BOA EXPRESS, ,,,,
010170006006,1,1,,,BOA EXPRESS, ,,,,
010170006017,0,1,,,-, ,,,,
010170006028,0,0,,,-, ,,,,
010170006039,4,0,,,ARBORE ENGENHARIA, ,,,,
010170006041,3,1,,,EMPORIO DOM OLIVIO, ,,,,
010170006052,3,0,,,EMPORIO DOM OLIVIO, ,,,,
010170006063,0,0,,,-, ,,,,
010170006074,0,0,,,AUTO POSTO VIDEIRA, ,,,,
010170006085,2,1,,,FRANGO ASSADO, ,,,,
010170006096,3,1,,,ARBORE ENGENHARIA, ,,,,
010170006107,4,1,,,JUNDSONDAS, ,,,,
010170006118,4,0,,,FENIX PENSIONATO, ,,,,
010170006129,3,0,,,GAREN PORTOES AUTOMATICOS,MIDIA PAINEIS,,,,
010170006131,0,1,,,GLP, ,,,,
010170006142,0,1,,,GLP, ,,,,
010170006153,1,1,,,GLP, ,,,,
010170006164,1,1,,,GLP, ,,,,
010170006175,1,1,,,LAGO AZUL, ,,,,
010170006186,1,1,,,LAGO AZUL, ,,,,
010170006197,3,1,,,LAGO AZUL, ,,,,
010170006208,0,1,,,-, ,,,,
010170006219,0,1,,,-, ,,,,
010170006221,3,0,,,LAGO AZUL, ,,,,
010170006232,4,0,,,ORIGEM 75, ,,,,
010170006243,4,1,,,ALFALOG, ,,,,
010170006254,3,1,,,SAVEGNAGO, ,,,,
010170006265,1,1,,,VITÓRIA QUIMICA, ,,,,
010170006276,0,0,,,-, ,,,,
010170006287,1,0,,,ASTEN, ,,,,
010170006298,1,0,,,EATON, ,,,,
010170006309,1,0,,,EATON, ,,,,
010170006311,4,0,,,SWISS PARK OFFICE, ,,,,
010170006322,0,0,,,-, ,,,,
010170006333,0,1,,,-, ,,,,
010170006344,1,0,,,CARREFOUR, ,,,,
010170006355,0,0,,,-, ,,,,
010170006366,0,1,,,-, ,,,,
010170006377,3,1,,,EURO MOTEL, ,,,,
010170006388,3,0,,,AUTO POSTO SACI, ,,,,
010170006399,0,0,,,-, ,,,,
010170006401,1,1,,,EMBRAMACO, ,,,,
010170006412,0,0,,,-, ,,,,
010170006423,3,0,,,CASAS BAHIA, ,,,,
010170006434,0,0,,,-, ,,,,
010170006445,0,0,,,-, ,,,,
010170006456,0,0,,,-, ,,,,
010170006467,3,0,,,MEDITERRANEA, ,,,,
010170006478,0,0,,,-, ,,,,
010170006489,0,1,,,-, ,,,,
010170006491,4,1,,,BOSCH, ,,,,
010170006502,4,1,,,BOSCH, ,,,,
010170006513,0,1,,,-, ,,,,
010170006524,0,1,,,-, ,,,,
010170006535,3,1,,,SHOPPING DA UTILIDADE,BAURU PAINEIS,,,,
010170006546,1,1,,,RODEC ADAPTAÇÕES VEICULARES, ,,,,
010170006557,4,1,,,CAMPINAS CERVEJARIA, ,,,,
010170006568,4,1,,,CAMPINAS CERVEJARIA, ,,,,
010170006579,1,1,,,MULTILOG, ,,,,
010170006581,0,1,,,-, ,,,,
010170006592,1,1,,,CLIC CAMPINAS, ,,,,
010170006603,1,1,,,CLIC CAMPINAS, ,,,,
010170006614,1,1,,,TVG CAMINHÕES, ,,,,
010170006625,1,1,,,TVG CAMINHÕES, ,,,,
010170006636,0,1,,,-, ,,,,
010170006647,0,1,,,-, ,,,,
010170006658,1,1,,,ACESSÓRIOS 3 VIAS, ,,,,
010170006669,1,0,,,ACESSÓRIOS 3 VIAS, ,,,,
010170006671,3,0,,,TELHANORTE,CHANGE PAINEIS,,,,
010170006682,1,0,,,HOSTFIBER, ,,,,
010170006693,3,0,,,HOTEL DANINN, ,,,,
010170006704,0,0,,,-, ,,,,
010170006715,0,0,,,-, ,,,,
010170006726,1,0,,,GOODYEAR RECAPEX, ,,,,
010170006737,4,0,,,CARDANS LOTUS, ,,,,
010170006748,3,0,,,MARCELO CAMINHÕES, ,,,,
010170006759,3,1,,,MARCELO CAMINHÕES, ,,,,
010170006761,0,1,,,-, ,,,,
010170006772,0,1,,,-, ,,,,
010170006783,3,1,,,SOL MAIOR, ,,,,
010170006794,1,1,,,RETENFIX, ,,,,
010170006805,1,1,,,MOTORES CAMPINAS, ,,,,
010170006816,1,1,,,MOTORES CAMPINAS, ,,,,
010170006827,1,1,,,DUNLOP, ,,,,
010170006838,1,1,,,DUNLOP, ,,,,
010170006849,0,1,,,-, ,,,,
010170006851,4,1,,,NACIONAL SOL, ,,,,
010170006862,1,1,,,SUMAQ, ,,,,
010170006873,1,0,,,SUMAQ, ,,,,
010170006884,1,0,,,BAMBAM CAMINHÕES, ,,,,
010170006895,1,0,,,BAMBAM CAMINHÕES, ,,,,
010170006906,3,0,,,INTERCAMBIO PECAS,,,,,
010170006917,3,0,,,INTERCAMBIO PECAS,,,,,
010170006928,0,0,,,,,,,,
010170006939,0,0,,,,,,,,
010170006941,1,0,,,FEDEX,,,,,
010170006952,1,0,,,FEDEX,,,,,
010170006963,3,1,,,AMATOOLS,ILUMIX PAINEIS,,,,
010170006974,4,1,,,OMATUTO,ILUMIX PAINEIS,,,,
010170006985,1,1,,,ALFABUS,,,,,
010170006996,1,1,,,ALFABUS,,,,,
010170007007,0,1,,,,,,,,
010170007018,0,1,,,,,,,,
010170007029,2,0,,,SEGURE PROTEÇÃO VEICULAR,,,,,
010170007031,1,0,,,PPG,,,,,
010170007042,1,0,,,PPG,,,,,
010170007053,1,1,,,AUTO POSTO SUCAO,BAURU PAINEIS,,,,
010170007064,4,1,,,SHOW FAZENDINHA,BAURU PAINEIS,,,,
010170007075,1,0,,,RTE RODONAVES,,,,,
010170007086,4,1,,,RODOFORT GUERRA,,,,,
010170007097,4,1,,,RODOFORT GUERRA,,,,,
010170007108,1,1,,,SHERWIN WILLIAMS,,,,,
010170007119,1,1,,,SHERWIN WILLIAMS,,,,,
010170007121,0,0,,,,,,,,
010170007132,3,0,,,2JAPAO CAMINHOES,,,,,
010170007143,3,0,,,2JAPAO CAMINHOES,,,,,
010170007154,0,0,,,SUMARE CAMINHOES,,,,,
010170007165,1,0,,,SUMARE CAMINHOES,,,,,
010170007176,1,1,,,MUNDO DOS CAMINHOES,,,,,
010170007187,1,1,,,MUNDO DOS CAMINHOES,,,,,
010170007198,4,1,,,UNIMED CAMPINAS,BAURU PAINEIS,,,,
010170007209,4,1,,,UNIMED CAMPINAS,BAURU PAINEIS,,,,
010170007211,3,1,,,RETENFIX VEDAÇÕES,,,,,
010170007222,3,1,,,SOUFER,,,,,
010170007233,4,1,,,EMBALIXO,ILUMIX PAINEIS,,,,
010170007244,4,1,,,HOSTFIBER,ILUMIX PAINEIS,,,,
010170007255,4,1,,,HONDA,,,,,
010170007266,1,1,,,SOTREQ CAT,,,,,
010170007277,0,1,,,PLENA MAIS IMOVEIS,,,,,
010170007288,0,1,,,ELDORADO IMOVEIS,,,,,
010170007299,4,1,,,AÇUCAR CARAVELAS,,,,,
010170007301,0,0,,,SANCA GALPÕES, ,,,,
010170007312,4,0,,,TUDOR BATERIAS,BAURU PAINEIS,,,,
010170007323,3,0,,,APALOOSAS CHURRASCARIA, ,,,,
010170007334,3,0,,,RANCHO MINEIRO, ,,,,
010170007345,1,0,,,FILDI EVENTOS, ,,,,
010170007356,1,0,,,FILDI EVENTOS, ,,,,
010170007367,1,0,,,IC TRANSPORTES, ,,,,
010170007378,1,0,,,IC TRANSPORTES, ,,,,
010170007389,1,1,,,SCANIA, ,,,,
010170007391,1,1,,,SCANIA, ,,,,
010170007402,3,1,,,APALOOSAS CHURRASCARIA, ,,,,
010170007413,3,0,,,LOCAR, ,,,,
010170007424,0,1,,,IDEAL PAINEIS,IDEAL PAINEIS,,,,
010170007435,0,1,,,-,IDEAL PAINEIS,,,,
010170007446,1,0,,,VOLVO, ,,,,
010170007457,1,0,,,BRIDGESTONE, ,,,,
010170007468,1,0,,,BRIDGESTONE, ,,,,
010170007479,0,1,,,MULTI MEIOS , ,,,,
010170007481,0,1,,,-, ,,,,
010170007492,0,1,,,MIDIA PAINEIS,MIDIA PAINEIS,,,,
010170007503,4,1,,,UNYBRASIL AMBIENTAL, ,,,,
010170007514,2,0,,,RESTAURANTE E LANCHONETE PIRAJU, ,,,,
010170007525,1,0,,,CENTRO LOGISTO SÃO LOURENÇO, ,,,,
010170007536,4,1,,,SUDESTE PRÉ-FABRICADOS, ,,,,
010170007547,0,1,,,-, ,,,,
010170007558,4,0,,,CENTRO LOGISTO SÃO LOURENÇO, ,,,,
010170007569,1,0,,,MTX, ,,,,
010170007571,4,0,,,HELP IMÓVEIS, ,,,,
010170007582,1,0,,,AMBIPAR GROUP, ,,,,
010170007593,1,1,,,AMBIPAR GROUP, ,,,,
010170007604,0,1,,,JAGUARIUNA RODEO FESTIVAL, ,,,,
010170007615,0,1,,,JAGUARIUNA RODEO FESTIVAL, ,,,,
010170007626,4,0,,,UNYBRASIL AMBIENTAL, ,,,,
010170007637,0,0,,,-, ,,,,
010170007648,0,1,,,-, ,,,,
010170007659,1,0,,,CENTRO EMPRESARIAL BANDEIRANTES, ,,,,
010170007661,0,0,,,-, ,,,,
010170007672,1,0,,,VIA DIRETA, ,,,,
010170007683,4,0,,,VIA DIRETA, ,,,,
010170007694,4,0,,,VIA DIRETA, ,,,,
010170007705,1,0,,,-, ,,,,
010170007716,1,0,,,-, ,,,,
010170007727,1,1,,,LOJAS KACYUMARA, ,,,,
010170007738,1,1,,,LOJAS KACYUMARA, ,,,,
010170007749,1,1,,,LOJAS KACYUMARA, ,,,,
010170007751,1,1,,,LOJAS KACYUMARA, ,,,,
010170007762,1,1,,,MARAVILHAS DO LAR, ,,,,
010170007773,1,1,,,MARAVILHAS DO LAR, ,,,,
010170007784,1,1,,,LOJAS KACYUMARA, ,,,,
010170007795,0,1,,,-, ,,,,
010170007806,3,1,,,CEMARA LOTEAMENTOS, ,,,,
010170007817,3,0,,,CEMARA LOTEAMENTOS, ,,,,
010170007828,4,0,,,UDIAÇO,VEX PAINEIS,,,,
010170007839,1,0,,,TATU, ,,,,
010170007841,1,0,,,TATU, ,,,,
010170007852,1,0,,,TATU, ,,,,
010170007863,1,1,,,TATU, ,,,,
010170007874,4,1,,,VOLVO PEÇAS, ,,,,
010170007885,1,1,,,VOLVO PEÇAS, ,,,,
010170007896,1,0,,,VOLVO PEÇAS, ,,,,
010170007907,0,1,,,BAURU PAINEIS,BAURU PAINEIS,,,,
010170007918,4,0,,,KOPPERT,J SILVA PAINEIS,,,,
010170007929,0,0,,,-, ,,,,
010170007931,1,0,,,REBOCKS, ,,,,
010170007942,1,0,,,REBOCKS, ,,,,
010170007953,4,0,,,BLB BLOCOS E LAJES, ,,,,
010170007964,4,0,,,BLB BLOCOS E LAJES, ,,,,
010170007975,4,0,,,QUIMASSA MINERAÇÃO, ,,,,
010170007986,3,1,,,QUIMASSA MINERAÇÃO, ,,,,
010170007997,3,1,,,GRAAL TOPAZIO,APOCALIPSE PAINEIS,,,,
010170008008,0,1,,,-, ,,,,
010170008019,0,1,,,-, ,,,,
010170008021,1,1,,,CONSTRUJA DISTRIBUIDORA, ,,,,
010170008032,1,0,,,CONSTRUJA DISTRIBUIDORA, ,,,,
010170008043,3,0,,,SHOPPING DA UTILIDADE,J SILVA PAINEIS,,,,
010170008054,3,0,,,CONBRAZIL, ,,,,
010170008065,0,0,,,CONBRAZIL, ,,,,
010170008076,3,0,,,INTERCAMBIO, ,,,,
010170008087,3,0,,,INTERCAMBIO, ,,,,
010170008098,4,0,,,WFA ACOS, ,,,,
010170008109,0,0,,,-, ,,,,
010170008111,1,1,,,AÇO INOX - VAREJO E CALDEIRA, ,,,,
010170008122,1,1,,,VITAL - IMPLEMENTOS IMOBILIÁRIOS, ,,,,
010170008133,1,1,,,MARKBEM CITRUS, ,,,,
010170008144,1,1,,,MARKBEM CITRUS, ,,,,
010170008155,1,1,,,HOSTFIBER, ,,,,
010170008166,0,1,,,CHANGE PAINEIS,CHANGE PAINEIS,,,,
010170008177,0,1,,,REGEMP, ,,,,
010170008188,2,0,,,AUTO POSTO CONCHA DE OURO,APOCALIPSE PAINEIS,,,,
010170008199,1,0,,,REBOCKS, ,,,,
010170008201,1,0,,,REBOCKS, ,,,,
010170008212,1,0,,,TOP CAMINHÕES, ,,,,
010170008223,1,1,,,TOP CAMINHÕES, ,,,,
010170008234,1,1,,,ZARZUELA - SALAO DE EVENTOS, ,,,,
010170008245,1,1,,,ZARZUELA - SALAO DE EVENTOS, ,,,,
010170008256,0,1,,,-, ,,,,
010170008267,1,1,,,UNIP - UNIVERSIDADE PAULITA, ,,,,
010170008278,1,1,,,UNIP - UNIVERSIDADE PAULITA, ,,,,
010170008289,3,1,,,PATIO LIMEIRA SHOPPING, ,,,,
010170008291,0,0,,,AVM IMOVEIS, ,,,,